date,cash_in_echannel,cash_out_echannel,cash_in_kantor,cash_out_kantor,cr_ketetapan_total_bkn_sum,giro,deposito,kewajiban_lain,tabungan,rata_dpk_mingguan,kas_kantor,kas_echannel
7/31/2019,730300000,-1304400000,1.43672E+11,-1.1061E+11,3,9.86736E+11,8.04815E+11,14196848459,7.07265E+11,3.13574E+11,1928940301,2939100000
8/1/2019,732200000,-832150000,3.14413E+11,-67109868151,3,8.96246E+11,8.12561E+11,12340617510,7.012E+11,3.13574E+11,2.49232E+11,2839150000
8/2/2019,1169800000,-621400000,1251294500,-1142331700,3,9.05971E+11,8.12723E+11,11820222539,6.92279E+11,3.13574E+11,2.49341E+11,3387550000
8/3/2019,913450000,-424050000,0,0,3,9.05713E+11,8.12725E+11,11996399444,6.86722E+11,3.13574E+11,2.49341E+11,3876950000
8/4/2019,775250000,-777950000,98833307801,-87292735001,3,9.78835E+11,8.12471E+11,12329618630,6.81344E+11,3.13574E+11,2.60882E+11,3874250000
8/5/2019,1243150000,-1488550000,1.52802E+11,-1.36201E+11,3,1.12825E+12,8.24519E+11,12176771731,6.65501E+11,3.13574E+11,2.77483E+11,3628850000
8/6/2019,558800000,-774800000,58247734212,-73306233312,3,1.095E+12,8.15292E+11,13706725143,6.65898E+11,3.13574E+11,2.62424E+11,3412850000
8/7/2019,488550000,-652400000,69084653482,-49415454882,3,1.03952E+12,8.15267E+11,13684684394,6.63128E+11,3.30677E+11,2.82093E+11,3249000000
8/8/2019,722500000,-724300000,2.73957E+11,-74224296371,3,1.14951E+12,8.3207E+11,12096037258,6.51164E+11,3.30677E+11,4.81826E+11,3247200000
8/9/2019,856700000,-640350000,1582057703,-1529425203,3,1.15362E+12,8.32065E+11,12277099611,6.45114E+11,3.30677E+11,4.81879E+11,3463550000
8/10/2019,446650000,-159850000,0,0,3,1.15478E+12,8.3207E+11,12441548135,6.41989E+11,3.30677E+11,4.81879E+11,3750350000
8/11/2019,456050000,-586000000,1.58533E+11,-81782613639,3,1.373E+12,8.18725E+11,11806052276,6.38658E+11,3.30677E+11,5.58629E+11,3620400000
8/12/2019,395800000,-637900000,37537234529,-1.08013E+11,3,1.32362E+12,8.18441E+11,11098659136,6.37056E+11,3.30677E+11,4.88152E+11,3378300000
8/13/2019,472450000,-634050000,46095553294,-90853080694,3,1.06139E+12,8.18248E+11,10881812071,6.34688E+11,3.30677E+11,4.43395E+11,3216700000
8/14/2019,467900000,-500950000,54059181731,-62713495831,3,1.03783E+12,8.18289E+11,10889694083,6.35643E+11,3.30677E+11,4.34741E+11,3183650000
8/15/2019,919900000,-571500000,1.95225E+11,-1.0218E+11,3,9.83779E+11,8.16258E+11,10887354624,6.3787E+11,3.12154E+11,5.27786E+11,3532050000
8/16/2019,681200000,-311100000,53221500,0,3,9.88037E+11,8.1625E+11,11054725292,6.34092E+11,3.12154E+11,5.27839E+11,3902150000
8/17/2019,0,0,0,0,3,9.93767E+11,8.16253E+11,11223721158,6.2976E+11,3.12154E+11,5.27839E+11,3902150000
8/18/2019,675700000,-878050000,1.42092E+11,-1.20075E+11,3,9.5788E+11,8.05133E+11,11397831648,6.2832E+11,3.12154E+11,5.49856E+11,3699800000
8/19/2019,644950000,-590000000,36121865493,-1.0641E+11,3,9.92186E+11,8.05123E+11,11131402920,6.27719E+11,3.12154E+11,4.79569E+11,3754750000
8/20/2019,522350000,-1242850000,88900731743,-1.20214E+11,3,1.11221E+12,8.05219E+11,11027861034,6.26749E+11,3.12154E+11,4.48255E+11,3034250000
8/21/2019,786350000,-762500000,1.55214E+11,-82508994999,3,1.04037E+12,8.06144E+11,17133639730,6.27826E+11,3.12154E+11,5.2096E+11,3058100000
8/22/2019,1330400000,-784750000,2.47438E+11,-95619484236,3,8.89141E+11,8.08884E+11,10921149332,6.49036E+11,3.12154E+11,6.72779E+11,3603750000
8/23/2019,632300000,-616650000,1474237000,-1328529100,3,8.96382E+11,8.08884E+11,11054156228,6.40131E+11,3.30016E+11,6.72925E+11,3619400000
8/24/2019,620400000,-299750000,0,0,3,9.00098E+11,8.08888E+11,10080295596,6.34866E+11,3.30016E+11,6.72925E+11,3940050000
8/25/2019,504600000,-714200000,36302697738,-84517246638,3,9.79377E+11,7.95434E+11,10576893878,6.3108E+11,3.30016E+11,6.2471E+11,3730450000
8/26/2019,441900000,-550850000,1.06483E+11,-1.19182E+11,3,9.30348E+11,8.04857E+11,10477783669,6.28225E+11,3.30016E+11,6.12012E+11,3621500000
8/27/2019,436500000,-1239200000,1.41108E+11,-77011458692,3,8.37491E+11,8.05707E+11,13672188035,6.2851E+11,3.30016E+11,6.76108E+11,2818800000
8/28/2019,876700000,-997050000,1.89672E+11,-53551755908,3,1.7942E+12,8.05743E+11,11265177541,6.29605E+11,3.30016E+11,8.12228E+11,2698450000
8/29/2019,1120150000,-765250000,1.14102E+11,-59298805575,3,1.42742E+12,8.10243E+11,12661338427,6.33627E+11,3.30016E+11,8.67031E+11,3053350000
8/30/2019,840400000,-523100000,18434839700,-18361128500,3,1.40877E+12,8.10253E+11,12760968678,6.28338E+11,3.30016E+11,8.67105E+11,3370650000
8/31/2019,1515700000,-376150000,0,0,3,1.33128E+12,8.10257E+11,14288718104,6.72455E+11,3.06137E+11,8.67105E+11,4510200000
9/1/2019,733800000,-869050000,1.26857E+11,-1.25027E+11,3,9.69484E+11,8.05362E+11,13257613853,6.57485E+11,3.06137E+11,8.68936E+11,4374950000
9/2/2019,813750000,-1309400000,2.41316E+11,-84493018603,3,8.30266E+11,7.93992E+11,10811853250,6.60807E+11,3.06137E+11,1.02576E+12,3879300000
9/3/2019,494000000,-664400000,33864869571,-76043087771,3,8.27651E+11,7.93508E+11,10799201787,6.57797E+11,3.06137E+11,9.8358E+11,3708900000
9/4/2019,532150000,-665850000,2.19732E+11,-56105321752,3,7.60439E+11,7.97044E+11,10655452022,6.61634E+11,3.06137E+11,1.14721E+12,3575200000
9/5/2019,836550000,-729850000,1.57725E+11,-84772473146,3,8.73323E+11,7.92839E+11,12268104507,6.56959E+11,3.06137E+11,1.22016E+12,3681900000
9/6/2019,859650000,-635900000,1696475300,-1545198500,3,8.84602E+11,7.92839E+11,12448304325,6.50868E+11,3.06137E+11,1.22031E+12,3905650000
9/7/2019,946450000,-284250000,0,0,3,8.87243E+11,7.92839E+11,12528921295,6.45823E+11,3.24547E+11,1.22031E+12,4567850000
9/8/2019,562000000,-1276550000,1.32103E+11,-92078625055,3,9.06809E+11,7.92738E+11,12840176251,6.43729E+11,3.24547E+11,1.26033E+12,3853300000
9/9/2019,612200000,-790850000,68245220064,-1.12314E+11,3,1.08118E+12,7.94738E+11,13150056147,6.46843E+11,3.24547E+11,1.21627E+12,3674650000
9/10/2019,610850000,-633100000,1.15764E+11,-89200064267,3,1.13073E+12,7.94761E+11,13164612565,6.45966E+11,3.24547E+11,1.24283E+12,3652400000
9/11/2019,484650000,-614050000,1.77939E+11,-72791049577,3,9.47144E+11,9.36963E+11,12018346362,6.49963E+11,3.24547E+11,1.34798E+12,3523000000
9/12/2019,471000000,-778700000,2.1296E+11,-80443188910,3,8.94498E+11,9.11958E+11,11885786260,6.50584E+11,3.24547E+11,1.4805E+12,3215300000
9/13/2019,886100000,-621750000,0,0,3,9.07527E+11,9.11962E+11,12040211491,6.46283E+11,3.24547E+11,1.4805E+12,3479650000
9/14/2019,877850000,-280300000,0,0,3,9.11331E+11,9.11965E+11,12174729841,6.42882E+11,3.24547E+11,1.4805E+12,4077200000
9/15/2019,527150000,-601200000,93941314190,-1.1967E+11,3,9.0604E+11,9.11909E+11,10848044352,6.40765E+11,2.99383E+11,1.45477E+12,4003150000
9/16/2019,621400000,-670500000,62578568919,-1.09125E+11,3,7.9648E+11,9.22606E+11,10798698940,6.39956E+11,2.99383E+11,1.40822E+12,3954050000
9/17/2019,644300000,-1439800000,52807829169,-83408373769,3,8.24454E+11,9.23158E+11,11313043070,6.3518E+11,2.99383E+11,1.37762E+12,3158550000
9/18/2019,559750000,-844350000,2.37209E+11,-48349657728,3,8.54268E+11,9.23003E+11,11322513028,6.3223E+11,2.99383E+11,1.56648E+12,2873950000
9/19/2019,765800000,-684450000,2.71294E+11,-2.83974E+11,3,9.0957E+11,9.23163E+11,19504309906,6.31453E+11,2.99383E+11,1.5538E+12,2955300000
9/20/2019,1050050000,-784650000,0,0,3,9.63065E+11,9.23158E+11,19685750873,6.27385E+11,2.99383E+11,1.5538E+12,3220700000
9/21/2019,465850000,-397250000,0,0,3,9.67364E+11,9.2316E+11,19789813479,6.23918E+11,2.99383E+11,1.5538E+12,3289300000
9/22/2019,630100000,-617900000,67260679656,-1.30603E+11,3,9.78618E+11,9.22094E+11,11809594222,6.21009E+11,2.99383E+11,1.49046E+12,3301500000
9/23/2019,438300000,-519650000,1.30397E+11,-1.19315E+11,3,8.67823E+11,8.76574E+11,12123946838,6.28132E+11,3.0916E+11,1.50154E+12,3220150000
9/24/2019,719950000,-828750000,90173322377,-71028828574,3,7.31157E+11,8.76625E+11,11041062891,6.51016E+11,3.0916E+11,1.52068E+12,3111350000
9/25/2019,389350000,-868450000,1.79622E+11,-63600967393,3,8.63488E+11,8.66586E+11,10787415093,6.52818E+11,3.0916E+11,1.63671E+12,2632250000
9/26/2019,1755800000,-827600000,60428540026,-69346707726,3,1.57526E+12,8.65436E+11,11994627933,6.49126E+11,3.0916E+11,1.62779E+12,3560450000
9/27/2019,690850000,-1140950000,1202193500,-1158618700,3,1.5895E+12,8.6534E+11,11959253912,6.42063E+11,3.0916E+11,1.62783E+12,3110350000
9/28/2019,780300000,-266250000,150010000,0,3,1.59399E+12,8.65402E+11,12151962630,6.37382E+11,3.0916E+11,1.62798E+12,3624400000
9/29/2019,880550000,-1408750000,1.59229E+11,-1.01542E+11,3,1.42768E+12,8.66537E+11,12093795490,6.47295E+11,3.0916E+11,1.68567E+12,3096200000
9/30/2019,857750000,-1195100000,1.78041E+11,-1.33188E+11,3,7.76508E+11,8.64459E+11,13971241645,6.8703E+11,3.08423E+11,1.73052E+12,2758850000
10/1/2019,738300000,-827950000,76355106652,-65741684452,3,8.16865E+11,8.63823E+11,11757135331,6.77024E+11,3.08423E+11,1.74113E+12,2669200000
10/2/2019,1029900000,-818900000,1.30369E+11,-72383749551,3,7.3985E+11,7.76557E+11,11894218550,6.67007E+11,3.08423E+11,1.79912E+12,2880200000
10/3/2019,509750000,-871600000,4.40023E+11,-1.63821E+11,3,6.44804E+11,7.7883E+11,10916513279,6.70873E+11,3.08423E+11,2.07532E+12,2518350000
10/4/2019,712600000,-551550000,0,0,3,6.55649E+11,7.78831E+11,11065699533,6.63745E+11,3.08423E+11,2.07532E+12,2679400000
10/5/2019,811250000,-351350000,0,0,3,6.60137E+11,7.7891E+11,10923707233,6.58722E+11,3.08423E+11,2.07532E+12,3139300000
10/6/2019,1248000000,-950300000,1.65774E+11,-88142522699,3,9.58219E+11,7.80225E+11,12180329508,6.5553E+11,3.08423E+11,2.15295E+12,3437000000
10/7/2019,1043400000,-791100000,86487947267,-81054789167,3,9.66583E+11,7.81356E+11,12207785327,6.55046E+11,3.45025E+11,2.15839E+12,3689300000
10/8/2019,669650000,-802450000,1.1294E+11,-1.37701E+11,3,9.29169E+11,7.81057E+11,10833704090,6.47558E+11,3.45025E+11,2.13362E+12,3556500000
10/9/2019,419800000,-716750000,1.12295E+11,-58653823230,3,8.4113E+11,7.81058E+11,10527940640,6.47704E+11,3.45025E+11,2.18727E+12,3259550000
10/10/2019,667050000,-968750000,1.13057E+11,-60146616904,3,7.17783E+11,9.10375E+11,10800426706,6.51618E+11,3.45025E+11,2.24018E+12,2957850000
10/11/2019,1010100000,-646400000,0,0,3,7.28034E+11,9.10333E+11,10965105646,6.46153E+11,3.45025E+11,2.24018E+12,3321550000
10/12/2019,581550000,-275350000,0,0,3,7.31829E+11,9.10229E+11,10761204500,6.41711E+11,3.45025E+11,2.24018E+12,3627750000
10/13/2019,583050000,-709700000,82848667399,-98776611399,3,9.39648E+11,7.7773E+11,10438461795,6.43251E+11,3.45025E+11,2.22425E+12,3501100000
10/14/2019,707600000,-726900000,1.21879E+11,-1.45571E+11,3,7.90311E+11,7.78968E+11,10696506012,6.52369E+11,3.45025E+11,2.20056E+12,3481800000
10/15/2019,467600000,-787000000,86987682914,-98271365814,3,8.37789E+11,7.7942E+11,10664078197,6.48041E+11,2.81825E+11,2.18927E+12,3162400000
10/16/2019,485650000,-802400000,79306467713,-63624297446,3,8.07916E+11,7.7998E+11,10757227666,6.46406E+11,2.81825E+11,2.20495E+12,2845650000
10/17/2019,708650000,-706850000,1.79393E+11,-61983420538,3,5.55606E+11,9.52209E+11,10896834676,6.46367E+11,2.81825E+11,2.32236E+12,2847450000
10/18/2019,659100000,-621150000,0,0,3,5.80314E+11,9.52205E+11,10957446149,6.41857E+11,2.81825E+11,2.32236E+12,2885400000
10/19/2019,687850000,-401250000,0,0,3,5.93237E+11,9.52205E+11,10803584502,6.3775E+11,2.81825E+11,2.32236E+12,3172000000
10/20/2019,570200000,-762300000,1.22559E+11,-1.35092E+11,3,1.13158E+12,7.84121E+11,16315851498,6.32793E+11,2.7922E+11,2.30983E+12,2979900000
10/21/2019,557100000,-547050000,92026198858,-89249905658,3,1.18674E+12,7.84119E+11,10419495485,6.2557E+11,2.7922E+11,2.31261E+12,2989950000
10/22/2019,724800000,-617400000,1.10446E+11,-77625030032,3,1.13955E+12,7.84246E+11,10479261675,6.21521E+11,2.7922E+11,2.34543E+12,3097350000
10/23/2019,534350000,-573650000,1.0717E+11,-37043964243,3,1.10306E+12,7.8207E+11,10998801219,6.24934E+11,2.89816E+11,2.41555E+12,3058050000
10/24/2019,599950000,-849250000,2.10803E+11,-1.3836E+11,3,5.88775E+11,1.22272E+12,10253775042,6.47543E+11,2.89816E+11,2.488E+12,2808750000
10/25/2019,804050000,-420500000,0,0,3,6.12879E+11,1.22272E+12,10441193067,6.39568E+11,2.89816E+11,2.488E+12,3192300000
10/26/2019,1014050000,-331600000,0,0,3,6.14471E+11,1.22272E+12,10493798024,6.34506E+11,2.89816E+11,2.488E+12,3874750000
10/27/2019,680700000,-693500000,1.80408E+11,-1.29199E+11,3,1.26817E+12,7.86569E+11,10456339343,6.36975E+11,2.89816E+11,2.53921E+12,3861950000
10/28/2019,614800000,-987700000,1.11208E+11,-80379770145,3,1.25038E+12,7.86588E+11,13950629441,6.36744E+11,2.89816E+11,2.57003E+12,3489050000
10/29/2019,530100000,-619850000,60740091934,-59074470734,3,2.22389E+12,7.86124E+11,13587944050,6.35597E+11,2.89816E+11,2.5717E+12,3399300000
10/30/2019,560400000,-883450000,1.33633E+11,-59485459603,3,2.15407E+12,7.85867E+11,14091036385,6.3715E+11,2.89816E+11,2.64585E+12,3076250000
10/31/2019,754750000,-1078200000,2.84349E+11,-1.14542E+11,3,7.09643E+11,1.34549E+12,15610473181,6.96208E+11,2.93638E+11,2.81565E+12,2752800000
11/1/2019,1041650000,-548050000,0,0,3,7.2463E+11,1.34549E+12,15763268170,6.83466E+11,2.93638E+11,2.81565E+12,3246400000
11/2/2019,932350000,-422700000,0,0,3,7.28283E+11,1.34564E+12,15352742310,6.75776E+11,2.93638E+11,2.81565E+12,3756050000
11/3/2019,821150000,-1505550000,1.2516E+11,-98746593480,3,1.31828E+12,7.32601E+11,13957801954,6.56275E+11,2.93638E+11,2.84207E+12,3071650000
11/4/2019,591450000,-662200000,1.49131E+11,-92716028876,3,1.20903E+12,7.92389E+11,13486042480,6.53558E+11,2.93638E+11,2.89848E+12,3000900000
11/5/2019,507400000,-696500000,61788122832,-75478914832,3,1.18242E+12,7.6958E+11,14920679856,6.4804E+11,2.93638E+11,2.88479E+12,2811800000
11/6/2019,578700000,-639200000,87152363160,-78985111460,3,1.13376E+12,7.69111E+11,12841024218,6.46646E+11,2.93638E+11,2.89296E+12,2751300000
11/7/2019,592400000,-640300000,1.66211E+11,-1.15268E+11,3,6.89026E+11,1.17433E+12,11425986323,6.48952E+11,3.53099E+11,2.9439E+12,2703400000
11/8/2019,993400000,-482450000,0,0,3,6.9445E+11,1.17433E+12,11590375766,6.43807E+11,3.53099E+11,2.9439E+12,3214350000
11/9/2019,677700000,-284700000,0,0,3,6.90587E+11,1.17433E+12,11771342032,6.39028E+11,3.53099E+11,2.9439E+12,3607350000
11/10/2019,685050000,-746400000,1.10523E+11,-1.06374E+11,3,1.12446E+12,7.67582E+11,11741775749,6.34004E+11,3.53099E+11,2.94805E+12,3546000000
11/11/2019,702250000,-642400000,87895001771,-1.28508E+11,3,1.1151E+12,7.47558E+11,11854794532,6.33104E+11,3.53099E+11,2.90744E+12,3605850000
11/12/2019,825400000,-1368500000,88120375309,-75378220409,3,1.15191E+12,7.73903E+11,11571497184,6.27709E+11,3.53099E+11,2.92018E+12,3062750000
11/13/2019,641200000,-600550000,71766051458,-54768980158,3,1.0966E+12,7.7427E+11,11001458944,6.27255E+11,3.53099E+11,2.93718E+12,3103400000
11/14/2019,551050000,-668400000,1.78412E+11,-61626098577,3,5.95582E+11,1.23066E+12,11313411951,6.32289E+11,3.53099E+11,3.05396E+12,2986050000
11/15/2019,558500000,-614750000,0,0,3,6.06823E+11,1.23072E+12,11426123154,6.27323E+11,3.36933E+11,3.05396E+12,2929800000
11/16/2019,1044950000,-338850000,0,0,3,6.11078E+11,1.23071E+12,11614647950,6.23639E+11,3.36933E+11,3.05396E+12,3635900000
11/17/2019,826000000,-1021800000,84981087644,-1.09823E+11,3,8.506E+11,7.75387E+11,11606768176,6.20663E+11,3.36933E+11,3.02912E+12,3440100000
11/18/2019,575550000,-534800000,60600714568,-95809021668,3,8.80955E+11,7.74909E+11,11912349944,6.26031E+11,3.36933E+11,2.99391E+12,3480850000
11/19/2019,457250000,-642200000,90640876797,-91574262197,3,8.93613E+11,7.74954E+11,11580719628,6.2269E+11,3.36933E+11,2.99298E+12,3295900000
11/20/2019,656500000,-1106300000,1.24107E+11,-98654474207,3,8.6203E+11,7.74258E+11,11702098535,6.27805E+11,3.36933E+11,3.01843E+12,2846100000
11/21/2019,766250000,-572250000,1.77865E+11,-1.03063E+11,3,7.95734E+11,7.79517E+11,11696573850,6.36588E+11,3.36933E+11,3.09323E+12,3040100000
11/22/2019,1122750000,-480300000,0,0,3,7.93871E+11,7.79517E+11,11745935045,6.3111E+11,3.36933E+11,3.09323E+12,3682550000
11/23/2019,729300000,-279600000,0,0,3,7.98216E+11,7.79517E+11,11877668574,6.27085E+11,3.14892E+11,3.09323E+12,4132250000
11/24/2019,883000000,-1302850000,1.37716E+11,-1.03748E+11,3,8.16881E+11,7.29321E+11,11313416859,6.44249E+11,3.14892E+11,3.1272E+12,3712400000
11/25/2019,511200000,-689850000,1.2402E+11,-97441092292,3,9.07532E+11,7.29437E+11,11147924603,6.40693E+11,3.14892E+11,3.15378E+12,3533750000
11/26/2019,532400000,-630350000,72643483230,-92616592430,3,1.19448E+12,7.29406E+11,11184434796,6.39358E+11,3.14892E+11,3.13381E+12,3435800000
11/27/2019,752550000,-687100000,94476556434,-54968349534,3,1.96596E+12,7.54466E+11,12404437360,6.38527E+11,3.14892E+11,3.17331E+12,3501250000
11/28/2019,829400000,-1017450000,3.6397E+11,-1.00829E+11,3,1.56487E+12,9.43063E+11,16406796395,6.44053E+11,3.14892E+11,3.43646E+12,3313200000
11/29/2019,981900000,-662900000,17427686500,-17381968600,3,1.56368E+12,9.43077E+11,14961018747,6.42501E+11,3.14892E+11,3.4365E+12,3632200000
11/30/2019,995800000,-376850000,0,0,3,1.48756E+12,9.43081E+11,17759486247,6.85257E+11,2.89435E+11,3.4365E+12,4251150000
12/1/2019,1338650000,-1165150000,1.20972E+11,-1.37675E+11,3,9.7188E+11,7.9193E+11,14934896486,6.77649E+11,2.89435E+11,3.4198E+12,4424650000
12/2/2019,789550000,-983000000,1.19106E+11,-79184860200,3,1.13144E+12,7.9213E+11,13136625716,6.68936E+11,2.89435E+11,3.45972E+12,4231200000
12/3/2019,796300000,-939800000,1.45552E+11,-81505938112,3,1.0832E+12,7.80579E+11,13483480186,6.66451E+11,2.89435E+11,3.52376E+12,4087700000
12/4/2019,497100000,-990450000,97556118362,-63918352462,3,9.30546E+11,7.81621E+11,14751372531,6.63467E+11,2.89435E+11,3.5574E+12,3594350000
12/5/2019,426450000,-904400000,2.38783E+11,-52076107943,3,7.13454E+11,1.00282E+12,16251673134,6.81007E+11,2.89435E+11,3.74411E+12,3116400000
12/6/2019,692850000,-642550000,158994300,0,3,7.25549E+11,1.00282E+12,15120793922,6.73875E+11,2.89435E+11,3.74427E+12,3166700000
12/7/2019,875550000,-361900000,0,0,3,7.29671E+11,1.00211E+12,15219103705,6.6833E+11,3.3903E+11,3.74427E+12,3680350000
12/8/2019,774250000,-760350000,1.22777E+11,-1.15462E+11,3,9.92116E+11,7.79975E+11,15212560811,6.71672E+11,3.3903E+11,3.75158E+12,3694250000
12/9/2019,734600000,-652800000,28553354582,-84648097682,3,9.92221E+11,7.79938E+11,16069441977,6.72969E+11,3.3903E+11,3.69549E+12,3776050000
12/10/2019,721300000,-588750000,76714012193,-85178202893,3,1.02993E+12,7.80486E+11,15381770757,6.7565E+11,3.3903E+11,3.68702E+12,3908600000
12/11/2019,848450000,-1494950000,92920925390,-50648884890,3,1.0231E+12,7.80924E+11,14796319741,6.82086E+11,3.3903E+11,3.7293E+12,3262100000
12/12/2019,532300000,-543200000,2.46395E+11,-93849918930,3,9.39695E+11,7.82975E+11,14253798207,6.81304E+11,3.3903E+11,3.88184E+12,3251200000
12/13/2019,701700000,-615100000,192812700,0,3,9.50791E+11,7.82981E+11,14382435317,6.76158E+11,3.3903E+11,3.88203E+12,3337800000
12/14/2019,693400000,-337400000,0,0,3,9.55087E+11,7.82983E+11,14499365472,6.71058E+11,3.3903E+11,3.88203E+12,3693800000
12/15/2019,774200000,-517350000,1.09472E+11,-1.13365E+11,3,1.19607E+12,7.83195E+11,13322810177,6.77483E+11,3.20727E+11,3.87814E+12,3950650000
12/16/2019,427350000,-623800000,67736398612,-1.06055E+11,3,1.10265E+12,7.83318E+11,14448724731,6.76616E+11,3.20727E+11,3.83982E+12,3754200000
12/17/2019,560200000,-651750000,73282305209,-46814011624,3,1.18412E+12,7.8332E+11,16363183837,6.76011E+11,3.20727E+11,3.86629E+12,3662650000
12/18/2019,729900000,-745050000,76271680477,-71633606477,3,1.3676E+12,7.8338E+11,25202706801,6.84798E+11,3.20727E+11,3.87093E+12,3647500000
12/19/2019,591750000,-583650000,6.56926E+11,-77838136221,3,1.14068E+12,9.73256E+11,19939260431,6.93299E+11,3.20727E+11,4.45002E+12,3655600000
12/20/2019,676350000,-479250000,0,0,3,1.18487E+12,9.73256E+11,20117723317,6.86486E+11,3.20727E+11,4.45002E+12,3852700000
12/21/2019,413250000,-156850000,220000000,0,3,1.18656E+12,9.73258E+11,20236000767,6.81381E+11,3.20727E+11,4.45024E+12,4109100000
12/22/2019,776850000,-1446850000,89273258409,-1.7794E+11,3,1.48968E+12,8.74978E+11,16241770331,7.00493E+11,3.20727E+11,4.36157E+12,3439100000
12/23/2019,1508600000,-732400000,1877817000,-1702360700,3,1.49954E+12,8.74978E+11,16419824569,6.933E+11,3.06313E+11,4.36175E+12,4215300000
12/24/2019,1111500000,-409800000,0,0,3,1.50556E+12,8.74879E+11,15404112600,6.8817E+11,3.06313E+11,4.36175E+12,4917000000
12/25/2019,1043800000,-1550500000,2.37486E+11,-1.71868E+11,3,1.54658E+12,8.59269E+11,14966190264,6.84379E+11,3.06313E+11,4.42736E+12,4410300000
12/26/2019,884200000,-2670100000,82906644696,-1.53371E+11,3,1.35338E+12,1.56308E+12,45944388788,6.85796E+11,3.06313E+11,4.3569E+12,2624400000
12/27/2019,966950000,-713050000,2362354900,-2068738200,3,1.35833E+12,1.59308E+12,15707667650,6.80388E+11,3.06313E+11,4.35719E+12,2878300000
12/28/2019,512050000,-485850000,88721000,0,3,1.35627E+12,1.59301E+12,15922333525,6.76192E+11,3.06313E+11,4.35728E+12,2904500000
12/29/2019,971600000,-829000000,57129513895,-1.47755E+11,3,2.61253E+12,1.20985E+12,16602067448,6.81681E+11,3.06313E+11,4.26666E+12,3047100000
12/30/2019,754450000,-775000000,78721738675,-1.33166E+11,3,2.08575E+12,1.37916E+12,14810667597,6.92806E+11,3.06313E+11,4.21221E+12,3026550000
12/31/2019,402100000,-479500000,0,0,3,1.98246E+12,1.37916E+12,15090711042,6.90047E+11,3.50041E+11,4.21221E+12,2949150000
1/1/2020,722300000,-917850000,1.05668E+11,-1.52342E+11,3,1.82587E+12,1.11411E+12,16274417166,7.13771E+11,3.50041E+11,4.16554E+12,2753600000
1/2/2020,1854750000,-904350000,2.36452E+11,-1.21634E+11,3,1.05674E+12,1.43842E+12,12784259297,7.04337E+11,3.50041E+11,4.28036E+12,3704000000
1/3/2020,844500000,-741200000,0,0,3,1.06248E+12,1.43843E+12,12856108313,6.97151E+11,3.50041E+11,4.28036E+12,3807300000
1/4/2020,1501350000,-415600000,0,0,3,1.06639E+12,1.43843E+12,13117128611,6.90611E+11,3.50041E+11,4.28036E+12,4893050000
1/5/2020,728750000,-1083300000,1.05621E+11,-1.25717E+11,3,1.34484E+12,1.05861E+12,16553549844,6.83225E+11,3.50041E+11,4.26026E+12,4538500000
1/6/2020,777900000,-710650000,1.40598E+11,-1.19022E+11,3,1.28169E+12,9.80423E+11,16006260251,6.82384E+11,3.50041E+11,4.28184E+12,4605750000
1/7/2020,510550000,-517600000,53799711333,-99883545833,3,1.15343E+12,1.02731E+12,16419247013,6.74831E+11,4.51621E+11,4.23575E+12,4598700000
1/8/2020,414450000,-501750000,1.03451E+11,-85770688278,3,1.10437E+12,1.02785E+12,17732872509,6.73841E+11,4.51621E+11,4.25343E+12,4511400000
1/9/2020,614000000,-970250000,1.88863E+11,-84146794258,3,6.83718E+11,1.36882E+12,18159891711,6.74786E+11,4.51621E+11,4.35815E+12,4155150000
1/10/2020,831050000,-598100000,0,0,3,6.95085E+11,1.36882E+12,18364979859,6.70525E+11,4.51621E+11,4.35815E+12,4388100000
1/11/2020,468300000,-417200000,0,0,3,7.0013E+11,1.36882E+12,18580568464,6.6692E+11,4.51621E+11,4.35815E+12,4439200000
1/12/2020,750850000,-724950000,57637699847,-1.13566E+11,3,1.08753E+12,1.0579E+12,17997691513,6.60227E+11,4.51621E+11,4.30222E+12,4465100000
1/13/2020,601250000,-938550000,1.07982E+11,-1.09306E+11,3,1.00688E+12,1.05598E+12,17604169603,6.60553E+11,4.51621E+11,4.3009E+12,4127800000
1/14/2020,785450000,-506500000,80020267953,-81203792353,3,9.75281E+11,1.00747E+12,17737439111,6.61441E+11,4.51621E+11,4.29971E+12,4406750000
1/15/2020,925150000,-837900000,98949665142,-77929715742,3,9.62881E+11,1.00715E+12,17994808066,6.56373E+11,4.18433E+11,4.32073E+12,4494000000
1/16/2020,693950000,-1170350000,2.04135E+11,-78928396846,3,9.18762E+11,1.03726E+12,17680041965,6.5402E+11,4.18433E+11,4.44594E+12,4017600000
1/17/2020,824400000,-671450000,0,0,3,9.31951E+11,1.03727E+12,17836294492,6.49413E+11,4.18433E+11,4.44594E+12,4170550000
1/18/2020,802850000,-433550000,0,0,3,9.39885E+11,1.03726E+12,17897523709,6.45979E+11,4.18433E+11,4.44594E+12,4539850000
1/19/2020,919350000,-2027500000,89483728450,-1.28238E+11,3,1.08865E+12,9.99709E+11,17543930457,6.45155E+11,4.18433E+11,4.40719E+12,3431700000
1/20/2020,720250000,-509000000,1.00149E+11,-1.18871E+11,3,9.77743E+11,9.99375E+11,16213441226,6.44843E+11,4.18433E+11,4.38846E+12,3642950000
1/21/2020,952650000,-626000000,1.228E+11,-93872501299,3,9.87477E+11,9.9932E+11,22410068918,6.44067E+11,4.18433E+11,4.41739E+12,3969600000
1/22/2020,576000000,-664550000,80087291624,-48175031424,3,1.31411E+12,9.7005E+11,16413659043,6.46927E+11,4.18433E+11,4.4493E+12,3881050000
1/23/2020,542100000,-1102250000,1.78676E+11,-68833290330,3,6.53468E+11,1.3114E+12,16648881587,6.67655E+11,3.46486E+11,4.55915E+12,3320900000
1/24/2020,965550000,-580100000,0,0,3,6.55854E+11,1.3113E+12,15471972064,6.61479E+11,3.46486E+11,4.55915E+12,3706350000
1/25/2020,530600000,-389800000,0,0,3,6.59525E+11,1.3113E+12,15652465301,6.55641E+11,3.46486E+11,4.55915E+12,3847150000
1/26/2020,1387400000,-793550000,60973623160,-95813738760,3,1.00481E+12,9.56219E+11,15709778883,6.5759E+11,3.46486E+11,4.52431E+12,4441000000
1/27/2020,598600000,-1083350000,1.61784E+11,-83741763930,3,9.5663E+11,9.53067E+11,15548912213,6.54321E+11,3.46486E+11,4.60235E+12,3956250000
1/28/2020,521800000,-706750000,88783607514,-68333713014,3,1.2759E+12,9.61382E+11,15635899031,6.45712E+11,3.46486E+11,4.6228E+12,3771300000
1/29/2020,496050000,-696700000,70479124911,-61753353611,3,2.13843E+12,9.28843E+11,16680067528,6.48918E+11,3.46486E+11,4.63152E+12,3570650000
1/30/2020,823750000,-1253850000,3.27085E+11,-1.20718E+11,3,1.50397E+12,1.20036E+12,17724989190,6.52957E+11,3.46486E+11,4.83789E+12,3140550000
1/31/2020,880350000,-811850000,11300000,0,3,1.44585E+12,1.20037E+12,20253717458,6.9247E+11,3.36557E+11,4.8379E+12,3209050000
2/1/2020,970200000,-511250000,0,0,3,1.44685E+12,1.20037E+12,20485188326,6.81614E+11,3.36557E+11,4.8379E+12,3668000000
2/2/2020,1463500000,-963100000,1.5576E+11,-1.14025E+11,3,1.15524E+12,8.55984E+11,16666875878,6.73315E+11,3.36557E+11,4.87964E+12,4168400000
2/3/2020,616150000,-1254450000,1.4904E+11,-88887096599,3,1.0136E+12,8.56106E+11,17440330352,6.68139E+11,3.36557E+11,4.93979E+12,3530100000
2/4/2020,499500000,-665000000,97150579946,-67460286346,3,9.48154E+11,8.56338E+11,18887153243,6.64575E+11,3.36557E+11,4.96948E+12,3364600000
2/5/2020,455200000,-711300000,90524818701,-56579837001,3,1.06097E+12,8.4839E+11,16853673552,6.62273E+11,3.36557E+11,5.00343E+12,3108500000
2/6/2020,1245300000,-903100000,2.39337E+11,-89377788502,3,6.25246E+11,1.21925E+12,17290552438,6.55879E+11,3.36557E+11,5.15338E+12,3450700000
2/7/2020,635700000,-751100000,1511294100,-1367012400,3,6.36092E+11,1.21925E+12,17435522169,6.49975E+11,3.61809E+11,5.15353E+12,3335300000
2/8/2020,438650000,-354150000,0,0,3,6.40068E+11,1.21924E+12,17610200521,6.45339E+11,3.61809E+11,5.15353E+12,3419800000
2/9/2020,719950000,-898150000,83475881375,-1.0073E+11,3,1.03931E+12,8.47129E+11,17524894993,6.47542E+11,3.61809E+11,5.13627E+12,3241600000
2/10/2020,701150000,-859900000,34826287958,-83024099458,3,1.04704E+12,8.47468E+11,17645634436,6.48879E+11,3.61809E+11,5.08808E+12,3082850000
2/11/2020,450550000,-581500000,91780541007,-96177482107,3,1.01104E+12,8.47618E+11,17642224629,6.44085E+11,3.61809E+11,5.08368E+12,2951900000
2/12/2020,1031150000,-843450000,86079722151,-55912118751,3,9.88795E+11,8.47084E+11,15406173350,6.39449E+11,3.61809E+11,5.11385E+12,3139600000
2/13/2020,1677800000,-1487300000,2.02698E+11,-77237605393,3,5.72709E+11,1.27472E+12,15329499048,6.3939E+11,3.61809E+11,5.23931E+12,3330100000
2/14/2020,372200000,-758950000,1743660400,-1603634400,3,5.80948E+11,1.27472E+12,15500828095,6.34255E+11,3.61809E+11,5.23945E+12,2943350000
2/15/2020,368450000,-306950000,0,0,3,5.8487E+11,1.27467E+12,15626828957,6.30319E+11,3.49265E+11,5.23945E+12,3004850000
2/16/2020,692500000,-793200000,89012059568,-1.08669E+11,3,1.13036E+12,8.59426E+11,15475766863,6.25574E+11,3.49265E+11,5.21979E+12,2904150000
2/17/2020,541850000,-612650000,57465114456,-81359645856,3,1.02749E+12,8.58735E+11,15655039832,6.27098E+11,3.49265E+11,5.1959E+12,2833350000
2/18/2020,547450000,-549800000,1.00719E+11,-1.26271E+11,3,9.84588E+11,8.5873E+11,14614000951,6.25827E+11,3.49265E+11,5.17034E+12,2831000000
2/19/2020,448800000,-583600000,89786004224,-81131115475,3,9.92338E+11,8.59155E+11,20494868769,6.23634E+11,3.49265E+11,5.179E+12,2696200000
2/20/2020,1624500000,-887600000,2.22706E+11,-98955864253,3,8.09439E+11,1.05951E+12,14528719493,6.2721E+11,3.49265E+11,5.30275E+12,3433100000
2/21/2020,769850000,-425350000,138998300,0,3,8.24632E+11,1.05952E+12,14679559300,6.23557E+11,3.49265E+11,5.30289E+12,3777600000
2/22/2020,747450000,-280150000,0,0,3,8.29623E+11,1.05952E+12,14723341399,6.19527E+11,3.49265E+11,5.30289E+12,4244900000
2/23/2020,529750000,-889900000,86259856255,-98306814855,3,1.03709E+12,8.48431E+11,14431455341,6.17057E+11,3.15254E+11,5.29084E+12,3884750000
2/24/2020,698700000,-900250000,94683678895,-1.38167E+11,3,8.23228E+11,8.59367E+11,13515194224,6.40404E+11,3.15254E+11,5.24736E+12,3683200000
2/25/2020,454100000,-831800000,90100942423,-83960320423,3,1.12927E+12,8.58604E+11,13879487606,6.334E+11,3.15254E+11,5.2535E+12,3305500000
2/26/2020,549000000,-684350000,99926698980,-53930938780,3,1.99813E+12,8.56385E+11,13643642201,6.42175E+11,3.15254E+11,5.29949E+12,3170150000
2/27/2020,1319850000,-1101750000,2.47983E+11,-59668070831,3,1.49932E+12,8.37965E+11,15837355833,6.44068E+11,3.15254E+11,5.48781E+12,3388250000
2/28/2020,1023450000,-1043050000,13998789300,-13238790000,3,1.47424E+12,8.37973E+11,15726197872,6.3946E+11,3.15254E+11,5.48857E+12,3368650000
2/29/2020,686250000,-526050000,0,0,3,1.39731E+12,8.37976E+11,18246670296,6.81292E+11,3.15643E+11,5.48857E+12,3528850000
3/1/2020,851300000,-1108750000,2.04481E+11,-1.51947E+11,3,1.07533E+12,8.38785E+11,16680805128,6.65367E+11,3.15643E+11,5.5411E+12,3271400000
3/2/2020,873900000,-895600000,1.08507E+11,-77635785951,3,9.28042E+11,8.34449E+11,14551167177,6.52632E+11,3.15643E+11,5.57197E+12,3249700000
3/3/2020,628700000,-777450000,1.22813E+11,-61791228331,3,8.9209E+11,8.34579E+11,15040838245,6.46884E+11,3.15643E+11,5.633E+12,3100950000
3/4/2020,1217700000,-700650000,1.42426E+11,-56978453823,3,8.35979E+11,8.35293E+11,16771249467,6.48592E+11,3.15643E+11,5.71844E+12,3618000000
3/5/2020,671900000,-705150000,2.4354E+11,-57433157451,3,7.98854E+11,8.10533E+11,17228928229,6.46384E+11,3.15643E+11,5.90455E+12,3584750000
3/6/2020,1173700000,-748900000,603049900,0,3,8.02846E+11,8.10534E+11,16124961969,6.40852E+11,3.15643E+11,5.90515E+12,4009550000
3/7/2020,725350000,-415400000,0,0,3,8.09318E+11,8.10534E+11,16174633613,6.35964E+11,3.53408E+11,5.90515E+12,4319500000
3/8/2020,872650000,-1359100000,44427345944,-86536568744,3,9.08198E+11,8.29081E+11,15876029209,6.49365E+11,3.53408E+11,5.86304E+12,3833050000
3/9/2020,518750000,-632350000,61291344021,-1.04241E+11,3,8.1242E+11,8.60034E+11,14354857975,6.34652E+11,3.53408E+11,5.82009E+12,3719450000
3/10/2020,475400000,-839100000,38714588848,-72557403448,3,7.91288E+11,8.66225E+11,12270740758,6.35213E+11,3.53408E+11,5.78625E+12,3355750000
3/11/2020,396450000,-708850000,71357931462,-53790738562,3,7.97379E+11,8.91351E+11,11679582693,6.31194E+11,3.53408E+11,5.80382E+12,3043350000
3/12/2020,1131650000,-991200000,2.29679E+11,-50294975769,3,6.63707E+11,1.07399E+12,11327192069,6.29346E+11,3.53408E+11,5.9832E+12,3183800000
3/13/2020,583550000,-561800000,538827800,0,3,6.7508E+11,1.07399E+12,11487390925,6.26245E+11,3.53408E+11,5.98374E+12,3205550000
3/14/2020,507300000,-322800000,0,0,3,6.77606E+11,1.07395E+12,11649778801,6.22252E+11,3.53408E+11,5.98374E+12,3390050000
3/15/2020,569500000,-709250000,1.01859E+11,-92998375312,3,9.25404E+11,8.81941E+11,11509950523,6.27939E+11,3.07665E+11,5.9926E+12,3250300000
3/16/2020,673900000,-893750000,58461039643,-74696315743,3,8.84828E+11,8.82092E+11,12012965716,6.32849E+11,3.07665E+11,5.97637E+12,3030450000
3/17/2020,446750000,-586100000,59144614852,-60825034152,3,8.49267E+11,8.84904E+11,12057442539,6.37023E+11,3.07665E+11,5.97469E+12,2891100000
3/18/2020,358750000,-808700000,69005534621,-52265434821,3,8.48932E+11,8.84334E+11,11833023276,6.29974E+11,3.07665E+11,5.99143E+12,2441150000
3/19/2020,1062200000,-565400000,1.93094E+11,-51268636687,3,8.59057E+11,9.12829E+11,20403994611,6.24676E+11,3.07665E+11,6.13325E+12,2937950000
3/20/2020,872650000,-487350000,0,0,3,8.64454E+11,9.12837E+11,20642162770,6.2124E+11,3.07665E+11,6.13325E+12,3323250000
3/21/2020,950750000,-233000000,0,0,3,8.68476E+11,9.12839E+11,20797519924,6.17588E+11,3.07665E+11,6.13325E+12,4041000000
3/22/2020,478900000,-569450000,1.65808E+11,-1.10126E+11,3,7.37716E+11,8.8231E+11,12230840864,6.23735E+11,3.07665E+11,6.18893E+12,3950450000
3/23/2020,469600000,-689600000,1.46831E+11,-72632555006,3,6.62837E+11,8.82816E+11,12213187577,6.47719E+11,2.93488E+11,6.26313E+12,3730450000
3/24/2020,637200000,-167650000,0,0,3,6.65472E+11,8.82642E+11,11396288525,6.41273E+11,2.93488E+11,6.26313E+12,4200000000
3/25/2020,608400000,-729800000,1.24815E+11,-75361000640,3,6.26731E+11,8.97997E+11,11535992809,6.40631E+11,2.93488E+11,6.31259E+12,4078600000
3/26/2020,465050000,-550250000,2.86689E+11,-1.46542E+11,3,7.57705E+11,8.94267E+11,11433124547,6.4463E+11,2.93488E+11,6.45273E+12,3993400000
3/27/2020,553850000,-473250000,0,0,3,7.56052E+11,8.9427E+11,11304377867,6.40573E+11,2.93488E+11,6.45273E+12,4074000000
3/28/2020,836600000,-139600000,0,0,3,7.58367E+11,8.94272E+11,11386967141,6.37928E+11,2.93488E+11,6.45273E+12,4771000000
3/29/2020,482200000,-1305550000,80599574434,-68853018034,3,1.57186E+12,8.94286E+11,12819568564,6.4053E+11,2.93488E+11,6.46448E+12,3947650000
3/30/2020,262550000,-566200000,85260520288,-52793551388,3,1.22041E+12,8.9433E+11,13540826381,6.68498E+11,2.93488E+11,6.49695E+12,3644000000
3/31/2020,455050000,-890350000,1.17305E+11,-94975335764,3,7.7148E+11,8.95366E+11,12047829593,6.98993E+11,2.98886E+11,6.51928E+12,3208700000
4/1/2020,1126550000,-604000000,1.14779E+11,-49825280423,3,7.21976E+11,8.95154E+11,12533787780,6.85504E+11,2.98886E+11,6.58423E+12,3731250000
4/2/2020,502250000,-743600000,2.51064E+11,-63510194973,3,6.15204E+11,8.95456E+11,12357748060,6.82572E+11,2.98886E+11,6.77178E+12,3489900000
4/3/2020,375300000,-285850000,0,0,3,6.26349E+11,8.95458E+11,12530697528,6.76418E+11,2.98886E+11,6.77178E+12,3579350000
4/4/2020,696700000,-239700000,0,0,3,6.27985E+11,8.95493E+11,12673691264,6.7079E+11,2.98886E+11,6.77178E+12,4036350000
4/5/2020,485300000,-427050000,1.51537E+11,-1.20711E+11,3,6.10415E+11,8.9439E+11,13761432555,6.67414E+11,2.98886E+11,6.80261E+12,4094600000
4/6/2020,316300000,-416200000,1.37066E+11,-90057053859,3,5.52801E+11,8.94471E+11,13902888206,6.66891E+11,2.98886E+11,6.84962E+12,3994700000
4/7/2020,338800000,-401050000,80738296800,-98583028400,3,5.872E+11,8.94157E+11,14135190680,6.74781E+11,3.03308E+11,6.83177E+12,3932450000
4/8/2020,452250000,-472950000,3.79143E+11,-1.49854E+11,3,5.801E+11,8.75002E+11,13634227665,6.80864E+11,3.03308E+11,7.06106E+12,3911750000
4/9/2020,1174350000,-195550000,0,0,3,5.77262E+11,8.74926E+11,13742675519,6.75333E+11,3.03308E+11,7.06106E+12,4890550000
4/10/2020,611550000,-242350000,0,0,3,5.8261E+11,8.74928E+11,13867360850,6.70991E+11,3.03308E+11,7.06106E+12,5259750000
4/11/2020,359450000,-164550000,0,0,3,5.87215E+11,8.74928E+11,14012248811,6.6754E+11,3.03308E+11,7.06106E+12,5454650000
4/12/2020,1610300000,-2129050000,64137438213,-1.04783E+11,3,6.67509E+11,8.73781E+11,13140883123,6.55547E+11,3.03308E+11,7.02042E+12,4935900000
4/13/2020,1162000000,-969200000,29765770859,-83353724159,3,6.81403E+11,8.74453E+11,12046019967,6.51402E+11,3.03308E+11,6.96683E+12,5128700000
4/14/2020,425550000,-937800000,1.01155E+11,-1.05411E+11,3,6.23775E+11,8.75762E+11,16573671132,6.56328E+11,3.03308E+11,6.96257E+12,4616450000
4/15/2020,1053550000,-521350000,56269366429,-58164264229,3,6.10944E+11,8.75805E+11,11891353320,6.52367E+11,2.79114E+11,6.96068E+12,5148650000
4/16/2020,549500000,-415600000,2.51091E+11,-1.36453E+11,3,5.84909E+11,8.7535E+11,11732314669,6.50552E+11,2.79114E+11,7.07532E+12,5282550000
4/17/2020,591050000,-312850000,0,0,3,5.93904E+11,8.75352E+11,11908077473,6.46247E+11,2.79114E+11,7.07532E+12,5560750000
4/18/2020,307850000,-227750000,0,0,3,5.99062E+11,8.75352E+11,11964472331,6.42751E+11,2.79114E+11,7.07532E+12,5640850000
4/19/2020,648050000,-1189850000,88550188926,-80554266626,3,5.77606E+11,8.75232E+11,11788168670,6.39719E+11,2.79114E+11,7.08331E+12,5099050000
4/20/2020,587350000,-1239000000,86310620361,-89124102061,3,6.83526E+11,8.7508E+11,17815736048,6.42628E+11,2.79114E+11,7.0805E+12,4447400000
4/21/2020,369850000,-245450000,55003955125,-53243100725,3,6.64634E+11,8.75191E+11,12023872257,6.37835E+11,2.79114E+11,7.08226E+12,4571800000
4/22/2020,514700000,-801400000,81471144863,-69254905963,3,6.08748E+11,8.65385E+11,13420021127,6.36932E+11,2.79114E+11,7.09448E+12,4285100000
4/23/2020,157450000,-987250000,1.83986E+11,-76148985772,3,4.74683E+11,8.53452E+11,12286015513,6.60289E+11,2.71077E+11,7.20231E+12,3455300000
4/24/2020,206400000,-188900000,0,0,3,4.8047E+11,8.53477E+11,11728269537,6.5333E+11,2.71077E+11,7.20231E+12,3472800000
4/25/2020,527650000,-168050000,0,0,3,4.86165E+11,8.53477E+11,11824351484,6.4918E+11,2.71077E+11,7.20231E+12,3832400000
4/26/2020,341050000,-327000000,85089039355,-1.00019E+11,3,5.17379E+11,8.53074E+11,11551961038,6.44525E+11,2.71077E+11,7.18738E+12,3846450000
4/27/2020,1184050000,-1256900000,47461177680,-88279346880,3,7.99822E+11,8.54129E+11,11693036961,6.43631E+11,2.71077E+11,7.14656E+12,3773600000
4/28/2020,228750000,-297100000,52363486468,-56498544668,3,1.49557E+12,8.57131E+11,12403119844,6.48842E+11,2.71077E+11,7.14243E+12,3705250000
4/29/2020,274950000,-414850000,2.80552E+11,-70612593028,3,8.12729E+11,8.59867E+11,13238159950,6.52958E+11,2.71077E+11,7.35237E+12,3565350000
4/30/2020,469500000,-370300000,0,0,3,7.32758E+11,8.59857E+11,14634930593,6.92611E+11,2.68245E+11,7.35237E+12,3664550000
5/1/2020,331650000,-327000000,0,0,3,7.40103E+11,8.59867E+11,13815358743,6.81507E+11,2.68245E+11,7.35237E+12,3669200000
5/2/2020,210900000,-143400000,0,0,3,7.47286E+11,8.59997E+11,13652876830,6.75689E+11,2.68245E+11,7.35237E+12,3736700000
5/3/2020,553300000,-645550000,1.82747E+11,-1.52315E+11,3,5.82643E+11,8.27647E+11,11447748184,6.69702E+11,2.68245E+11,7.3828E+12,3644450000
5/4/2020,347250000,-371300000,1.72198E+11,-64004160392,3,5.44593E+11,8.29447E+11,14946724644,6.63485E+11,2.68245E+11,7.491E+12,3620400000
5/5/2020,270800000,-494850000,1.40401E+11,-62925612326,3,8.75597E+11,8.02655E+11,11210826594,6.62354E+11,2.68245E+11,7.56847E+12,3396350000
5/6/2020,411000000,-164200000,0,0,3,8.7329E+11,8.02663E+11,11360085758,6.58145E+11,2.68245E+11,7.56847E+12,3643150000
5/7/2020,954950000,-507000000,3.10882E+11,-1.41812E+11,3,5.78334E+11,8.08208E+11,12815861136,6.62986E+11,2.80159E+11,7.73754E+12,4091100000
5/8/2020,284300000,-233000000,0,0,3,5.86723E+11,8.08339E+11,12935312292,6.58482E+11,2.80159E+11,7.73754E+12,4142400000
5/9/2020,292200000,-147150000,0,0,3,5.84321E+11,8.08489E+11,13061813972,6.56632E+11,2.80159E+11,7.73754E+12,4287450000
5/10/2020,447550000,-1489900000,75188463862,-1.12425E+11,3,5.77952E+11,8.05077E+11,13163734786,6.58139E+11,2.80159E+11,7.7003E+12,3245100000
5/11/2020,259750000,-412100000,1.80686E+11,-99995858159,3,5.09209E+11,8.07083E+11,11959438452,6.66401E+11,2.80159E+11,7.78099E+12,3092750000
5/12/2020,360550000,-333700000,82162309161,-68183425061,3,1.39136E+12,8.06883E+11,11562928358,6.66617E+11,2.80159E+11,7.79497E+12,3119600000
5/13/2020,368650000,-478750000,1.07028E+11,-57886740604,3,8.36428E+11,8.05917E+11,11579073738,6.83217E+11,2.80159E+11,7.84411E+12,3009500000
5/14/2020,368100000,-575150000,3.31843E+11,-53905321583,3,3.82094E+11,8.06227E+11,12145439047,7.00538E+11,2.80159E+11,8.12205E+12,2802450000
5/15/2020,482200000,-388050000,0,0,3,3.88408E+11,8.06128E+11,12237489083,6.89458E+11,2.80946E+11,8.12205E+12,2896600000
5/16/2020,234350000,-200150000,0,0,3,3.92026E+11,8.06157E+11,12310615440,6.81995E+11,2.80946E+11,8.12205E+12,2930800000
5/17/2020,448500000,-501900000,80048780717,-66799605917,3,4.78249E+11,8.05634E+11,12576574559,7.06564E+11,2.80946E+11,8.1353E+12,2877400000
5/18/2020,1071850000,-1059450000,3.65528E+11,-91372461692,3,5.03206E+11,8.07179E+11,12381299378,7.08314E+11,2.80946E+11,8.40946E+12,2889800000
5/19/2020,921550000,-805100000,3.4375E+11,-1.1347E+11,3,6.54365E+11,8.27493E+11,14010206342,7.26807E+11,2.80946E+11,8.63974E+12,3006250000
5/20/2020,620150000,-463600000,0,0,3,6.6105E+11,8.2753E+11,14136339496,7.15918E+11,2.80946E+11,8.63974E+12,3162800000
5/21/2020,456150000,-485900000,8536924340,-1.00946E+11,3,8.18621E+11,8.2825E+11,14193389509,7.11638E+11,2.80946E+11,8.54733E+12,3133050000
5/22/2020,576250000,-204250000,2230843000,-15730000000,3,8.14305E+11,8.2825E+11,14299641589,7.0493E+11,2.80946E+11,8.53383E+12,3505050000
5/23/2020,182700000,-89800000,0,0,3,8.1957E+11,8.28218E+11,14405494773,7.03955E+11,2.7117E+11,8.53383E+12,3597950000
5/24/2020,133050000,-69700000,0,0,3,8.19888E+11,8.28227E+11,13673337385,7.01669E+11,2.7117E+11,8.53383E+12,3661300000
5/25/2020,235050000,-469600000,96616229592,-2.09937E+11,3,6.13233E+11,8.21302E+11,13629422688,7.03302E+11,2.7117E+11,8.42051E+12,3426750000
5/26/2020,241500000,-460250000,29246737979,-1.08685E+11,3,7.54378E+11,8.21354E+11,13138805796,6.96371E+11,2.7117E+11,8.34107E+12,3208000000
5/27/2020,194650000,-254250000,31475789559,-1.05157E+11,3,1.53117E+12,8.21344E+11,12599022476,6.92468E+11,2.7117E+11,8.26739E+12,3148400000
5/28/2020,162750000,-272600000,1.17897E+11,-84629502618,3,8.66283E+11,8.61012E+11,14205932055,6.94741E+11,2.7117E+11,8.30066E+12,3038550000
5/29/2020,260050000,-315450000,14207461400,-13400425000,3,8.48208E+11,8.61015E+11,14299839607,6.90716E+11,2.7117E+11,8.30146E+12,2983150000
5/30/2020,230850000,-212750000,0,0,3,8.61301E+11,8.61027E+11,14327065962,6.86929E+11,2.7117E+11,8.30146E+12,3001250000
5/31/2020,436850000,-374200000,0,0,3,7.90786E+11,8.6103E+11,13730342056,7.27835E+11,2.65603E+11,8.30146E+12,3063900000
6/1/2020,429700000,-773500000,1.6333E+11,-2.04934E+11,3,7.058E+11,8.6021E+11,13194991599,7.19573E+11,2.65603E+11,8.25986E+12,2720100000
6/2/2020,553400000,-591350000,3.46496E+11,-3.44749E+11,3,5.92939E+11,8.6452E+11,11781244899,7.12148E+11,2.65603E+11,8.26161E+12,2682150000
6/3/2020,1007450000,-519800000,77834195857,-76233770457,3,6.25406E+11,8.65791E+11,11633617033,7.06589E+11,2.65603E+11,8.26321E+12,3169800000
6/4/2020,716650000,-732250000,2.32355E+11,-80094010222,3,4.82762E+11,9.40503E+11,12918994834,7.10582E+11,2.65603E+11,8.41547E+12,3154200000
6/5/2020,843750000,-528650000,0,0,3,4.88029E+11,9.40497E+11,12910348623,7.046E+11,2.65603E+11,8.41547E+12,3469300000
6/6/2020,410900000,-277850000,0,0,3,4.93627E+11,9.40498E+11,13061169521,6.99628E+11,2.65603E+11,8.41547E+12,3602350000
6/7/2020,542850000,-811250000,73128939732,-1.08838E+11,3,5.46512E+11,9.40558E+11,12726230081,6.96733E+11,3.04656E+11,8.37976E+12,3333950000
6/8/2020,511200000,-1175350000,40561224667,-1.01307E+11,3,4.95719E+11,9.4098E+11,11554810985,6.9605E+11,3.04656E+11,8.31901E+12,2669800000
6/9/2020,250300000,-375450000,34253354714,-65497974514,3,4.91875E+11,9.41414E+11,11246432167,6.95241E+11,3.04656E+11,8.28777E+12,2544650000
6/10/2020,998000000,-506750000,64951096980,-62412185480,3,4.94296E+11,9.43446E+11,11932598726,6.92151E+11,3.04656E+11,8.29031E+12,3035900000
6/11/2020,346800000,-520200000,1.97083E+11,-86707515772,3,6.32708E+11,9.36855E+11,10467292027,6.94381E+11,3.04656E+11,8.40068E+12,2862500000
6/12/2020,655650000,-461900000,0,0,3,6.35994E+11,9.36856E+11,10274103284,6.90465E+11,3.04656E+11,8.40068E+12,3056250000
6/13/2020,561600000,-249750000,0,0,3,6.411E+11,9.36866E+11,10396848392,6.87209E+11,3.04656E+11,8.40068E+12,3368100000
6/14/2020,317400000,-541050000,89500718349,-1.02177E+11,3,6.45875E+11,9.36801E+11,10553536101,6.85613E+11,3.04656E+11,8.38801E+12,3144450000
6/15/2020,340900000,-530950000,66746094061,-82424292661,3,6.79134E+11,9.05119E+11,10666479438,7.031E+11,2.77189E+11,8.37233E+12,2954400000
6/16/2020,469650000,-541450000,76048179453,-56572530853,3,5.91146E+11,9.03217E+11,10657924334,7.06972E+11,2.77189E+11,8.3918E+12,2882600000
6/17/2020,401000000,-510250000,78031158797,-67122777197,3,5.77155E+11,9.03299E+11,10853065602,6.9504E+11,2.77189E+11,8.40271E+12,2773350000
6/18/2020,297850000,-545750000,1.81914E+11,-65276448697,3,5.9711E+11,9.07199E+11,10997298738,6.91611E+11,2.77189E+11,8.51935E+12,2525450000
6/19/2020,768600000,-582300000,0,0,3,6.04415E+11,9.07308E+11,10670096720,6.88171E+11,2.77189E+11,8.51935E+12,2711750000
6/21/2020,891850000,-1065500000,86907612907,-1.24297E+11,3,6.14547E+11,9.07463E+11,12663622715,6.80164E+11,2.77189E+11,8.48196E+12,2538100000
6/22/2020,608450000,-475700000,65738829063,-93950483463,3,5.86625E+11,9.0046E+11,11198160430,6.76675E+11,2.77189E+11,8.45375E+12,2670850000
6/23/2020,314900000,-535750000,71371766873,-78112029173,3,5.7703E+11,8.49112E+11,11502187435,6.80077E+11,2.76951E+11,8.44701E+12,2450000000
6/25/2020,596400000,-526050000,1.46157E+11,-57674860258,3,5.67885E+11,9.11968E+11,10939458089,6.98557E+11,2.76951E+11,8.53549E+12,2520350000
6/26/2020,455550000,-588700000,0,0,3,5.70721E+11,9.11969E+11,10793339986,6.93043E+11,2.76951E+11,8.53549E+12,2387200000
6/27/2020,601400000,-359900000,0,0,3,5.79438E+11,9.11971E+11,10645968184,6.88752E+11,2.76951E+11,8.53549E+12,2628700000
6/28/2020,517000000,-678500000,1.00669E+11,-83740048445,3,1.23758E+12,8.8916E+11,10743727477,6.85616E+11,2.76951E+11,8.55242E+12,2467200000
6/29/2020,803450000,-815750000,1.79761E+11,-76152498418,3,6.73287E+11,8.92498E+11,12072225800,7.12958E+11,2.76951E+11,8.65603E+12,2454900000
6/30/2020,1078150000,-1135050000,1.09361E+11,-93680146628,3,6.02415E+11,8.89444E+11,13123104684,7.30468E+11,2.76836E+11,8.67171E+12,2398000000
7/1/2020,480200000,-596000000,99605620638,-68757248038,3,5.39747E+11,8.92848E+11,10543608507,7.2297E+11,2.76836E+11,8.70256E+12,2282200000
7/2/2020,1158400000,-643650000,2.56273E+11,-75874147650,3,4.58757E+11,8.93851E+11,11546672672,7.18839E+11,2.76836E+11,8.88296E+12,2796950000
7/3/2020,795300000,-615250000,0,0,3,4.65208E+11,8.93852E+11,11683249185,7.11614E+11,2.76836E+11,8.88296E+12,2977000000
7/4/2020,907300000,-409300000,0,0,3,4.77917E+11,8.93853E+11,11781415857,7.05914E+11,2.76836E+11,8.88296E+12,3475000000
7/5/2020,492250000,-652400000,2.27149E+11,-1.17754E+11,3,4.50058E+11,8.93893E+11,12771809501,7.07547E+11,2.76836E+11,8.99235E+12,3314850000
7/6/2020,757900000,-724450000,1.39321E+11,-80153087330,3,4.1936E+11,8.93478E+11,12661030193,7.07436E+11,2.76836E+11,9.05152E+12,3348300000
7/7/2020,617200000,-1569800000,65656002084,-53056909684,3,4.19727E+11,8.93385E+11,12438359301,7.00549E+11,2.84681E+11,9.06412E+12,2395700000
7/8/2020,493350000,-600200000,91079826013,-60306176313,3,4.39337E+11,8.64157E+11,11698619658,6.93659E+11,2.84681E+11,9.09489E+12,2288850000
7/9/2020,1169500000,-799800000,2.18624E+11,-79915210847,3,4.51898E+11,8.64192E+11,11735335493,7.0763E+11,2.84681E+11,9.2336E+12,2658550000
7/10/2020,621600000,-619500000,0,0,3,4.59545E+11,8.64198E+11,11867426219,7.01286E+11,2.84681E+11,9.2336E+12,2660650000
7/11/2020,1585050000,-327000000,0,0,3,4.57332E+11,8.64207E+11,11998426691,6.95762E+11,2.84681E+11,9.2336E+12,3918700000
7/12/2020,464800000,-723100000,99774437581,-92436869281,3,4.67831E+11,8.75346E+11,11926972214,6.87997E+11,2.84681E+11,9.24094E+12,3660400000
7/13/2020,313350000,-597150000,89311690469,-1.08178E+11,3,4.71824E+11,8.76156E+11,12103706456,6.89862E+11,2.84681E+11,9.22207E+12,3376600000
7/14/2020,1090600000,-861150000,78457857033,-66801194433,3,4.65896E+11,8.81096E+11,11866975271,6.93826E+11,2.84681E+11,9.23373E+12,3606050000
7/15/2020,425800000,-938650000,78872106864,-51298373864,3,4.49784E+11,8.83344E+11,11944807618,6.89216E+11,2.63457E+11,9.2613E+12,3093200000
7/16/2020,473100000,-908200000,1.82606E+11,-53017776467,3,4.66715E+11,8.81874E+11,12088039439,6.94753E+11,2.63457E+11,9.39089E+12,2658100000
7/17/2020,1224450000,-368100000,0,0,3,4.70236E+11,8.81876E+11,12230790787,6.90497E+11,2.63457E+11,9.39089E+12,3514450000
7/18/2020,1329350000,-290900000,0,0,3,4.80384E+11,8.81559E+11,12275087237,6.87285E+11,2.63457E+11,9.39089E+12,4552900000
7/19/2020,615800000,-2027050000,1.20765E+11,-1.25526E+11,3,4.57181E+11,8.91387E+11,12274749969,6.86791E+11,2.63457E+11,9.38613E+12,3141650000
7/20/2020,387900000,-1242150000,87453495046,-1.01846E+11,3,4.645E+11,8.66356E+11,12190885352,6.87061E+11,2.63457E+11,9.37174E+12,2287400000
7/21/2020,364300000,-565600000,70008562875,-58849920875,3,5.06895E+11,8.40116E+11,13597454956,6.8608E+11,2.63457E+11,9.38289E+12,2086100000
7/22/2020,298050000,-426350000,98363078347,-84661679712,3,4.5598E+11,8.16491E+11,11924063649,6.87386E+11,2.63457E+11,9.3966E+12,1957800000
7/23/2020,504700000,-627850000,1.79847E+11,-55859245418,3,4.68986E+11,8.19963E+11,11864496588,7.05297E+11,2.54411E+11,9.52058E+12,1834650000
7/24/2020,1111300000,-461300000,0,0,3,4.76682E+11,8.19965E+11,11490018429,6.977E+11,2.54411E+11,9.52058E+12,2484650000
7/25/2020,848200000,-230150000,0,0,3,4.8501E+11,8.19965E+11,11574257475,6.91048E+11,2.54411E+11,9.52058E+12,3102700000
7/26/2020,1191100000,-717150000,89054530316,-1.13014E+11,3,4.37735E+11,8.03859E+11,11219040241,6.9629E+11,2.54411E+11,9.49662E+12,3576650000
7/27/2020,343800000,-606950000,1.00168E+11,-85310553743,3,4.63351E+11,8.08779E+11,11143130709,6.92692E+11,2.54411E+11,9.51148E+12,3313500000
7/28/2020,731600000,-1018550000,89686440275,-56694111675,3,1.39175E+12,8.15921E+11,11518449000,7.00376E+11,2.54411E+11,9.54447E+12,3026550000
7/29/2020,998350000,-1040100000,5.71842E+11,-2.7392E+11,3,7.44761E+11,8.2085E+11,13836524579,7.05045E+11,2.54411E+11,9.8424E+12,2984800000
7/30/2020,294450000,-218100000,23039942000,-23020342000,3,7.51864E+11,8.20847E+11,13857135934,7.01302E+11,2.54411E+11,9.84241E+12,3061150000
7/31/2020,760950000,-336850000,0,0,3,6.75755E+11,8.20856E+11,14151397048,7.40849E+11,2.54723E+11,9.84241E+12,3485250000
8/1/2020,1222200000,-237050000,0,0,3,6.78588E+11,8.20857E+11,14220945503,7.31875E+11,2.54723E+11,9.84241E+12,4470400000
8/2/2020,816600000,-732300000,1.79118E+11,-1.40258E+11,3,6.68915E+11,8.21638E+11,13619317629,7.16976E+11,2.54723E+11,9.88127E+12,4554700000
8/3/2020,795950000,-788050000,56663143197,-89415397097,3,6.39051E+11,8.23865E+11,11833721649,7.15461E+11,2.54723E+11,9.84852E+12,4562600000
8/4/2020,574600000,-1464200000,85469170653,-73318991653,3,5.25698E+11,8.3148E+11,11499821174,7.02657E+11,2.54723E+11,9.86067E+12,3673000000
8/5/2020,401550000,-819200000,91253943038,-80228744338,3,4.80261E+11,8.36977E+11,11801171007,7.08841E+11,2.54723E+11,9.8717E+12,3255350000
8/6/2020,443500000,-1608050000,2.51272E+11,-66430440633,3,1.16483E+12,8.66163E+11,11672935448,7.08235E+11,2.54723E+11,1.00565E+13,2090800000
8/7/2020,545900000,-583900000,0,0,3,1.16364E+12,8.66163E+11,11753148819,7.02808E+11,2.72446E+11,1.00565E+13,2052800000
8/8/2020,3744400000,-987600000,0,0,3,4.67834E+12,3.46439E+12,47590591384,2.7946E+12,2.72446E+11,1.00565E+13,4809600000
8/9/2020,1112100000,-772800000,1.03546E+11,-77623406909,3,6.9543E+11,8.54583E+11,14952316229,7.45738E+11,2.72446E+11,1.00825E+13,5148900000
8/10/2020,690350000,-576450000,78895558372,-82119984272,3,5.91187E+11,8.54131E+11,14965898354,7.43219E+11,2.72446E+11,1.00792E+13,5262800000
8/11/2020,406300000,-663050000,65966796616,-58763086316,3,5.83311E+11,8.48578E+11,15175651625,7.36879E+11,2.72446E+11,1.00864E+13,5006050000
8/12/2020,517900000,-509100000,98259983581,-45126797081,3,5.92183E+11,8.49515E+11,15458183762,7.31799E+11,2.72446E+11,1.01396E+13,5014850000
8/13/2020,963000000,-735000000,3.53763E+11,-59018371569,3,4.86575E+11,8.49991E+11,15488520712,7.34185E+11,2.72446E+11,1.04343E+13,5242850000
8/14/2020,1203000000,-676800000,0,0,3,4.9177E+11,8.49999E+11,15581615583,7.28793E+11,2.72446E+11,1.04343E+13,5769050000
8/15/2020,1059800000,-288650000,0,0,3,5.00018E+11,8.49999E+11,15680437119,7.23852E+11,2.81583E+11,1.04343E+13,6540200000
8/16/2020,497250000,-333400000,0,0,3,4.98594E+11,8.50028E+11,15770022049,7.18745E+11,2.81583E+11,1.04343E+13,6704050000
8/17/2020,1310650000,-2063950000,1.41164E+11,-1.54071E+11,3,5.50286E+11,8.52276E+11,16897366983,7.19158E+11,2.81583E+11,1.04214E+13,5950750000
8/18/2020,1068550000,-1432400000,2.5433E+11,-99811254693,3,5.25579E+11,8.48287E+11,18490377619,7.19907E+11,2.81583E+11,1.05759E+13,5586900000
8/19/2020,1840500000,-408100000,0,0,3,5.39848E+11,8.48272E+11,18235875691,7.15834E+11,2.81583E+11,1.05759E+13,7019300000
8/20/2020,1682300000,-518250000,0,0,3,5.89744E+11,8.48249E+11,18365865703,7.12074E+11,2.81583E+11,1.05759E+13,8183350000
8/21/2020,1197500000,-523850000,0,0,3,5.95427E+11,8.48263E+11,18470564754,7.07893E+11,2.81583E+11,1.05759E+13,8857000000
8/22/2020,465350000,-251700000,0,0,3,6.0299E+11,8.48264E+11,18604854450,7.04304E+11,2.81583E+11,1.05759E+13,9070650000
8/23/2020,640550000,-2544000000,1.11094E+11,-2.10129E+11,3,5.16178E+11,8.26822E+11,17556105924,7.04021E+11,2.89845E+11,1.04769E+13,7167200000
8/24/2020,548200000,-2312800000,51492643471,-1.04904E+11,3,6.57025E+11,8.17929E+11,16551828866,7.24997E+11,2.89845E+11,1.04235E+13,5402600000
8/25/2020,370450000,-873150000,62702338353,-79211591453,3,7.58477E+11,8.1625E+11,16328498357,7.33665E+11,2.89845E+11,1.0407E+13,4899900000
8/26/2020,379700000,-627350000,59535357448,-58585436348,3,8.83448E+11,8.35897E+11,14597141518,7.33346E+11,2.89845E+11,1.04079E+13,4652250000
8/28/2020,1090600000,-492950000,159800500,0,3,1.66896E+12,8.27435E+11,19397407967,7.42551E+11,2.89845E+11,1.04081E+13,5249900000
8/29/2020,1399550000,-376650000,0,0,3,1.6682E+12,8.27438E+11,19492219857,7.38118E+11,2.89845E+11,1.04081E+13,6272800000
8/30/2020,1028350000,-1675750000,1.70396E+11,-94568606898,3,1.18461E+12,8.18393E+11,16741854039,7.3849E+11,2.89845E+11,1.04839E+13,5625400000
8/31/2020,842150000,-1258250000,1.52875E+11,-1.12245E+11,3,1.0671E+12,8.18863E+11,16511527328,7.74844E+11,2.66538E+11,1.05245E+13,5209300000
9/1/2020,589300000,-1131200000,75949559580,-31571560780,3,1.01794E+12,8.15767E+11,15518611733,7.76185E+11,2.66538E+11,1.05689E+13,4667400000
9/2/2020,1009100000,-530550000,1.16204E+11,-45353662467,3,9.96902E+11,8.04807E+11,15674285533,7.76328E+11,2.66538E+11,1.06398E+13,5145950000
9/3/2020,1114400000,-903350000,2.70246E+11,-55680834961,3,8.81742E+11,8.04309E+11,13245593260,7.77491E+11,2.66538E+11,1.08543E+13,5357000000
9/4/2020,868050000,-603600000,0,0,3,8.90446E+11,8.04311E+11,13316711832,7.70853E+11,2.66538E+11,1.08543E+13,5621450000
9/5/2020,892900000,-346850000,0,0,3,8.9979E+11,8.00812E+11,13319033523,7.66842E+11,2.66538E+11,1.08543E+13,6167500000
9/6/2020,406050000,-695800000,1.16024E+11,-1.18024E+11,3,9.06833E+11,7.92604E+11,13377517499,7.70286E+11,2.66538E+11,1.08523E+13,5877750000
9/7/2020,1259250000,-601300000,84393630429,-90856314929,3,8.42278E+11,7.96174E+11,14700132494,7.72361E+11,3.37435E+11,1.08459E+13,6535700000
9/8/2020,401050000,-937100000,71139290278,-64872067678,3,8.30666E+11,8.03028E+11,14009690854,7.64609E+11,3.37435E+11,1.08521E+13,5999650000
9/9/2020,500200000,-593950000,77263063212,-63997086712,3,8.26254E+11,8.03535E+11,13156632125,7.62334E+11,3.37435E+11,1.08654E+13,5905900000
9/10/2020,427850000,-948100000,1.9857E+11,-65162942999,3,8.0521E+11,8.02391E+11,12759754446,7.57877E+11,3.37435E+11,1.09988E+13,5385650000
9/11/2020,816400000,-524500000,0,0,3,8.19255E+11,8.0272E+11,12549548899,7.53324E+11,3.37435E+11,1.09988E+13,5677550000
9/12/2020,1542700000,-297700000,0,0,3,8.27137E+11,8.02717E+11,12367438379,7.50425E+11,3.37435E+11,1.09988E+13,6922550000
9/13/2020,837750000,-2015600000,95773188109,-1.01651E+11,3,8.05895E+11,7.94393E+11,12513516496,7.56063E+11,3.37435E+11,1.09929E+13,5744700000
9/14/2020,549200000,-579500000,70694320576,-87218173376,3,7.28958E+11,7.93697E+11,12711927935,7.57504E+11,3.37435E+11,1.09764E+13,5714400000
9/15/2020,414500000,-718800000,58433262925,-62425168525,3,7.27956E+11,7.87907E+11,12705303588,7.58048E+11,3.18143E+11,1.09724E+13,5410100000
9/16/2020,947350000,-652500000,83044951321,-65509159421,3,7.02257E+11,8.16579E+11,12639703993,7.67031E+11,3.18143E+11,1.099E+13,5704950000
9/17/2020,440600000,-692050000,2.57825E+11,-1.23878E+11,3,5.60165E+11,8.42992E+11,12637612919,7.56935E+11,3.18143E+11,1.11239E+13,5453500000
9/18/2020,821950000,-410600000,0,0,3,5.82041E+11,8.42992E+11,12684324619,7.53559E+11,3.18143E+11,1.11239E+13,5864850000
9/19/2020,834550000,-224700000,0,0,3,5.93603E+11,8.43102E+11,12329027254,7.50771E+11,3.18143E+11,1.11239E+13,6474700000
9/20/2020,577600000,-1217050000,1.14402E+11,-1.3307E+11,3,5.61427E+11,8.44864E+11,12301364338,7.48208E+11,3.18143E+11,1.11052E+13,5835250000
9/21/2020,770800000,-478800000,80762967393,-1.09404E+11,3,5.65215E+11,8.4555E+11,14158283969,7.23265E+11,3.18143E+11,1.10766E+13,6127250000
9/22/2020,314700000,-522850000,64809039945,-66169689445,3,6.38554E+11,8.26377E+11,14267111173,7.17527E+11,3.18143E+11,1.10752E+13,5919100000
9/23/2020,340200000,-501550000,74287435507,-47579722107,3,6.36706E+11,7.96347E+11,14666529131,7.12108E+11,2.97868E+11,1.11019E+13,5757750000
9/24/2020,496300000,-1452050000,1.92707E+11,-57285466689,3,6.57334E+11,7.98415E+11,12379626745,7.39896E+11,2.97868E+11,1.12374E+13,4802000000
9/25/2020,601600000,-560600000,0,0,3,6.68537E+11,7.98416E+11,12493453927,7.30584E+11,2.97868E+11,1.12374E+13,4843000000
9/26/2020,469200000,-226400000,0,0,3,6.77056E+11,7.98416E+11,12342669161,7.2603E+11,2.97868E+11,1.12374E+13,5085800000
9/27/2020,527250000,-618750000,64667201317,-78298332917,3,8.00576E+11,7.97942E+11,12262976766,7.24381E+11,2.97868E+11,1.12237E+13,4994300000
9/28/2020,743800000,-556200000,1.26435E+11,-82033742865,3,1.53115E+12,7.96124E+11,15211954037,7.23426E+11,2.97868E+11,1.12681E+13,5181900000
9/29/2020,1009250000,-772100000,1.54863E+11,-74431200069,3,8.63874E+11,7.73104E+11,13205390941,7.20177E+11,2.97868E+11,1.13486E+13,5419050000
9/30/2020,686100000,-833250000,1.48782E+11,-88607002216,3,7.37342E+11,7.74374E+11,13115276268,7.54061E+11,2.75948E+11,1.14087E+13,5271900000
